,Datetime,Tweet Id,Text,Username,rate
0,2022-02-05 15:00:27+00:00,1.48998E+18,"__Staff Spotlight!__

Logan Kreider is our Marketing Specialist. He has helped grow multiple social media accounts to 100,000__ of followers and now is focused on optimizing our social media, email communication, and website.

Meet our team here: https://t.co/6GfLuWvpXZ.

#hopeww https://t.co/gVfOynTp2G",HOPEworldwide,3
1,2022-02-02 15:00:17+00:00,1.48889E+18,"UPDATE: #TyphoonRai Disaster Response

#HOPEww Philippines_ Disaster Response Team is actively responding and assisting with relief and recovery in multiple locations. HOPEww is assisting with relief funds to support families and communities. 

Donate Now: https://t.co/VcPyIhgAsr https://t.co/Ur54tf37by",HOPEworldwide,3
2,2022-01-30 18:00:15+00:00,1.48785E+18,"In honor of MLK Day Paul Frug√© II, our Sr. Director of Marketing &amp; Communications, and his HOPEww San Diego Chapter and San Diego Church of Christ - Coastal Ministry went out to Downtown San Diego to meet and serve their neighbors who are experiencing homelessness. 

#hopeww https://t.co/Sc7BFqPcW5",HOPEworldwide,3
3,2022-01-27 15:00:10+00:00,1.48672E+18,"Today is the day! Join us tonight for __halom: Righteousness, Community and Loving Our Neighbors_ featuring Marty Solomon.

TONIGHT, Jan. 27th, 8 p.m. EST / 5 p.m. PST LIVE on HOPEww__ YouTube Channel! Learn More &amp; Register Now: https://t.co/3Synahfx7g 

#hopeworldwide #hopeww https://t.co/4Z4smDumVr",HOPEworldwide,2
4,2022-01-26 13:15:20+00:00,1.48633E+18,"Just one day away from @HOPEworldwide__ first volunteer training event of the year _ __halom: Righteousness, Community and Loving Our Neighbors._
_
Jan. 27th, 8 p.m. EST / 5 p.m. PST LIVE on HOPEww__ YouTube Channel!
Learn More https://t.co/IoiAcSk2c0_
_
#hopeworldwide #hopeww https://t.co/Y4qi4DC15e",the_BEMA,3
5,2022-01-22 15:00:12+00:00,1.4849E+18,"Erin Youngblood is our amazing Sr. Project Manager for the Marketing &amp; Communications team. She helps us manage all of our ongoing projects and campaigns as well as helping us meet all our deadlines!

Get to know our team by visiting our website: https://t.co/6GfLuWvpXZ.

#hopeww https://t.co/wmi3guWDL0",HOPEworldwide,2
6,2022-01-21 18:25:08+00:00,1.48459E+18,"_§Ô_What Does Love Look Like?__

This past weekend our President &amp; Chief Evangelist, Dr. Ben Barnett, and our Senior Director of U.S. Programs, Terri Loso, traveled to meet with The Memphis Church to honor the 93rd birthday of Dr. Martin Luther King Jr.

#hopeworldwide #hopeww https://t.co/3mEj7KaNIx",HOPEworldwide,3
7,2022-01-17 18:00:56+00:00,1.48314E+18,"Today We Honor The Legacy of Dr. Martin Luther King Jr.

__ife__ most persistent and urgent question is, __hat are you doing for others?__ - Dr. King

How will you use your MLK Day of Service to honor Dr. King__ legacy?

#hopeww  #mlkday #martinlutherking #martinlutherkingday https://t.co/1DvvFrAyYN",HOPEworldwide,2
8,2022-01-09 18:00:25+00:00,1.48024E+18,"Great job San Diego Coastal Region!__

__epost from @sdcoc_coastal_ 

Love the hearts of service! Taking the hygiene kits to the community in need. @hope_worldwide _§Ô_

#hopeworldwide #hopeww https://t.co/SyfpMGNR2A",HOPEworldwide,3
9,2022-01-06 18:01:10+00:00,1.47915E+18,"__SAVE THE DATE!__

Please join us for __halom: Righteousness, Community and Loving Our Neighbors_ featuring our good friend, Marty Solomon.

This event will be on Thursday, Jan 27th, 8pm EST / 5pm PST LIVE on HOPEww__ YouTube Channel! RSVP Now: https://t.co/veEfagOh6M

#hopeww https://t.co/c4s30B52ZS",HOPEworldwide,2
10,2022-01-04 17:00:08+00:00,1.47841E+18,"Great work #HOPEww Sweden!__

__epost from HOPEww Sweden_

On Monday evenings, HOPEww Sweden volunteers make dinner for those experiencing homelessness who get a bed at St. Clara Kyrka, a church open at night! Together we can make life at least a little better. https://t.co/ol4v4Jc7cx",HOPEworldwide,2
11,2021-12-30 15:05:02+00:00,1.47657E+18,"Repost from HOPEww Bay Area Chapter:

Thanks to generous donors around the Bay Area, HOPE ww BAC volunteers gathered this morning to sort and package up 125+ blankets and 40+ winter coats to distribute to families in East Oakland.

#hope #hopeworldwide #hopeww https://t.co/uiSvBRZL6P",HOPEworldwide,2
12,2021-12-30 00:15:02+00:00,1.47635E+18,"__epost from @hopeworldwidesingapore_

On Saturday 11/27, 34 HOPEww Singapore volunteers spoke to more than 70 residents who are seniors living alone or low-income families in the community, as part of our needs survey during the Season of HOPE and Giving campaign. 

#hopeww https://t.co/6eNNAwWUYu",HOPEworldwide,2
13,2021-12-21 08:41:16+00:00,1.47321E+18,"It__ the season to give thanks! Lets remember to thank the One who made it possible for us to have our blessings today. 

#thankful #hope #hopemakes #liftup #hopeww #hopewwtacoma #southsound https://t.co/YXCGh0sZpl",HOPEFou75031954,3
14,2021-12-21 08:40:21+00:00,1.47321E+18,"__ut you, Lord, are a shield around me, my glory, the One who lifts my head high.

 #liftsyou #hopeisamazing #hopeww #liftothersup #spreadlove #serveyourneighbor https://t.co/ICmjVfzY3A",HOPEFou75031954,2
15,2021-12-20 18:00:25+00:00,1.47299E+18,"Responding to Super Typhoon Rai 

#HOPEww is actively responding to the major destruction by providing food, shelter and funds for immediate relief to families and communities in need. To support our Global Disaster Response efforts, please Donate Now: https://t.co/VcPyIhgAsr. https://t.co/NE9EuTFCWb",HOPEworldwide,3
16,2021-12-19 15:00:20+00:00,1.47258E+18,"Such great work by the Santa Clarita Church of Christ!

__epost from @svcoc_

Generosity overflowed from each of you to meet needs with our local homeless shelter, __ridge to Home,_ and our local food pantry. Thank you! _________

#hopeworldwide #hopeww https://t.co/R96uekjtpJ",HOPEworldwide,2
17,2021-12-12 20:00:05+00:00,1.47012E+18,"Pray for those affected by the devastating tornadoes in the US. HOPE worldwide is actively assessing the situation to prepare disaster relief assistance. To support our Global Disaster Response efforts, please Donate Now: https://t.co/VcPyIhgAsr.

#hopeworldwide #hopeww #tornado https://t.co/BpORIRIK5W",HOPEworldwide,3
18,2021-12-12 17:00:14+00:00,1.47008E+18,"__epost from HOPEww NY Metro Chapter_

The BK HOPE Ministry had an amazing time Saturday volunteering with The Campaign Against Hunger at their urban farms and food packing center. This great organization addresses food insecurity needs in our communities

#hopeww https://t.co/9geMWTU9bJ",HOPEworldwide,3
19,2021-12-10 15:16:03+00:00,1.46933E+18,"Today is #InternationalHumanRightsDay!
 
2021__ theme is Equality. For perspectives from our #HOPEww U.S. Justice Alliance members and the work being done by our U.S. Chapters in the @UN areas of focus around Equality, click here: https://t.co/XVwJJtNegy.

#humanrightsday https://t.co/Igezx57Esq",HOPEworldwide,3
20,2021-12-09 17:00:17+00:00,1.46899E+18,"When the world shut down, HOPE worldwide continued reaching out.

If making a tangible difference for people in need is on your heart this holiday season, please consider making a gift to support our Global Mission today!

To donate click here: https://t.co/bcQWJYvO03

#hopeww https://t.co/fHE0p5zhnk",HOPEworldwide,2
21,2021-12-08 15:00:48+00:00,1.4686E+18,"--Repost from The Gulf Coast Christian Church--

This past weekend we hosted a 5K run/walk to support @hope_worldwide. Thank you to everyone who participated and to everyone that has donated. You are making a tremendous impact on our community and around the world.

#hopeww https://t.co/iK7KkbVHlg",HOPEworldwide,2
22,2021-12-07 15:00:12+00:00,1.46823E+18,"Our purpose at #HOPEww is to see a world transformed through love, respect, &amp; partnership with our neighbors in need. Our volunteers seek to honor our neighbors_ dignity by __oing with_ rather than __oing for_ &amp; providing meaningful exchange when possible. 

Credit: @ohhappydani https://t.co/nprIFMI0zJ",HOPEworldwide,2
23,2021-12-06 15:00:09+00:00,1.46787E+18,"--Repost from HOPEww Southern CT Chapter--

We were able to collect 40 baskets full of Thanksgiving items that will be given to 40 families from four schools throughout Fairfield County that we are in partnership with.

#hopeworldwide #hopeww https://t.co/2FrLMu8rAG",HOPEworldwide,2
24,2021-12-03 15:00:10+00:00,1.46678E+18,"--Repost from HOPEww Malaysia--

We are excited to resume the Therapeutic Art Education Program sponsored by Sun Life Malaysia.  Last Sunday we had such an enjoyable time with our community by combining the colors from roots and leaves!

#HOPEww #hopeworldwide https://t.co/DY2rYPb8qc",HOPEworldwide,3
25,2021-12-02 15:01:03+00:00,1.46642E+18,"YOU DID IT! You helped us surpass our goal and, with matching funds, raise $70,889 on #GivingTuesday for our HVC Scholarship Fund.

We could not have done this without you. Your sacrificial giving is inspiring greater hope around the world!

Thank you for your support!

#HOPEww https://t.co/OuNXlfluc9",HOPEworldwide,3
26,2021-12-01 15:00:12+00:00,1.46606E+18,"__Registration for the 2022 #HOPEww Volunteer Corps is open!

For more information on our 2022 Volunteer Corps, and to apply, go to https://t.co/vvJvveDLl4!

We have scholarships in case of financial need.

#hopeworldwide https://t.co/BN8WiO9BYW",HOPEworldwide,3
27,2021-12-01 05:00:17+00:00,1.46591E+18,"Nadine Templer, our Senior Director of HVC, is matching the French  man with a mustache look __. What__ your match?
---
We have 24 hours to match $24K, and we need your help! Donate Now: https://t.co/5vI4zxTiG9.
 
#GivingTuesday #hopeww https://t.co/OYZECrjuFa",HOPEworldwide,3
28,2021-12-01 03:00:17+00:00,1.46588E+18,"Claudia Salazar, a NYAC member, is matching Dora from the show Dora the Explorer. What__ your match?
---
We have 24 hours to match $24K, and we need your help! Donate Now: https://t.co/5vI4zxTiG9.
 
#GivingTuesday #hopeww https://t.co/rXopR5qk6b",HOPEworldwide,2
29,2021-11-30 23:00:30+00:00,1.46582E+18,"Sam Berensohn, a Global Service Intern, is matching Anton Ego from the movie Ratatouille. What__ your match?
---
We have 24 hours to match $24K, and we need your help! Donate Now: https://t.co/5vI4zxTiG9. 
 
#GivingTuesday #hopeww https://t.co/bOiqNagmM4",HOPEworldwide,3
30,2021-11-30 21:00:35+00:00,1.46579E+18,"Paul Frug√© II, our Senior Director of Marketing, and Keisa Frug√© are matching Finn and Jake from the show Adventure Time. What__ your match?
---
We have 24 hours to match $24K, and we need your help! Donate Now: https://t.co/5vI4zxTiG9.
 
#GivingTuesday #hopeww https://t.co/zPxIHbjThC",HOPEworldwide,2
31,2021-11-30 19:00:43+00:00,1.46576E+18,"Seth Hernandez, a Campus Club Leader, is matching Nacho Libre! What will you do for your match?
---
We have 24 hours to match $24K, and we need your help! Donate Now: https://t.co/5vI4zxTiG9.
 
#GivingTuesday #hopeww https://t.co/S6a4utYjLb",HOPEworldwide,3
32,2021-11-30 17:00:54+00:00,1.46573E+18,"Grant Geyer and Tyler Rahe, HVC volunteers, are matching Daniel LaRusso and Johnny Lawrence from The Karate Kid. What will you do for your match?
---
We have 24 hours to match $24K, and we need your help! Donate Now: https://t.co/5vI4zxTiG9.
 
#GivingTuesday #hopeww https://t.co/3cX5Odf8U7",HOPEworldwide,2
33,2021-11-30 15:00:50+00:00,1.4657E+18,"#HOPEww is excited to participate in #GivingTuesday to rally support for the HVC Scholarship Fund!
 
Generous donors have challenged us to raise $24K in 24 HOURS &amp; they will double every donation! You can donate here: https://t.co/5vI4zyaTxH.

#GivingTuesday2021 #hopeworldwide https://t.co/TcuFYRUI8A",HOPEworldwide,3
34,2021-11-28 17:00:39+00:00,1.465E+18,"--Repost from @HOPEworldwideUK--

Looking for some Tuesday inspiration? __

Michael Sanchez ran 26.2 miles as part of the London 2021 Virtual Marathon to fundraise for our homeless services and addiction recovery programs!

#hopeworldwide #hopeww https://t.co/mfxF3Hg0di",HOPEworldwide,2
35,2021-11-24 15:00:52+00:00,1.46352E+18,"Inspiring work by HOPEww San Antonio Chapter__

--Repost from HOPE ww San Antonio Chapter--

Thank you all for participating in our MISSION4HOPE 5k! With every registration and donation you are making an impact through the work HOPEww is doing!

#hope #hopeworldwide #hopeww https://t.co/hjghBRRyMP",HOPEworldwide,2
36,2021-11-22 15:24:21+00:00,1.4628E+18,"Check Out Julia's Unexpected Pre-School Renovation__

We are so encouraged by the work that @HOPEworldwideSA is doing all throughout South Africa. This is such an incredible story of the impact partnerships like this can make on local communities.

#hope #hopeworldwide #hopeww https://t.co/qYCIAEx8iV",HOPEworldwide,3
37,2021-11-21 17:00:16+00:00,1.46247E+18,"Great work HOPE Worldwide Southern CT Chapter __

--Repost from HOPE Worldwide Southern CT Chapter 

Thank you to everyone who came to help us fill backpacks at Filling Banks today! We were able to fill, seal, and package 270 bags in under two hours.

#hope #hopeworldwide #hopeww https://t.co/EyEWx4OTF4",HOPEworldwide,3
38,2021-11-19 15:00:25+00:00,1.46171E+18,"__GIVING TUESDAY IS COMING!__

On November 30th, #HOPEww is proud to participate in Giving Tuesday to rally support for our @hwwvolunteercorps Programs. 

We have 24 hours to match $24,000! We need your support to beat this goal! 

#GivingTuesday2021 #GivingTuesday https://t.co/5xKKYbU2VV",HOPEworldwide,2
39,2021-11-12 15:00:34+00:00,1.45917E+18,"__SINGHOPE IS TODAY!__

#SINGHOPE will be live on our YouTube channel on Nov. 12th at 8 PM EST/5 PM PST! To learn more visit https://t.co/BRB3IEfVR8.
 
#hopeworldwide #hopeww #SINGHOPE https://t.co/U5jXCiJ8aT",HOPEworldwide,3
40,2021-11-09 15:07:22+00:00,1.45809E+18,"Incredible work by HOPE worldwide Mexico!__

The Chimalhuacan Child Nutrition Center provides 55,000 breakfasts annually to over 120 families in need. At the center, they work to improve the development of boys and girls so that they perform better in their schools.
 
#hopeww https://t.co/M2zbP9dfqQ",HOPEworldwide,2
41,2021-11-05 14:04:46+00:00,1.45662E+18,"Leave a _§Ô_ below for this__

This is so special __ It truly inspires hope to watch a community take care of someone who is in need. What ways can we imitate this lesson into how we take care of one another in our own communities?

via the School District Philadelphia

#hopeww https://t.co/NwVFOOACoQ",HOPEworldwide,3
42,2021-10-28 15:10:04+00:00,1.45374E+18,"Leave a _§Ô_ below for this__

Brooke from @southernhillshospitallv (on Instagram) goes above and beyond for her patients __ _•∫Such a great example of how serving our neighbors in need can come in many different shapes and forms!

#hope #hopeworldwide #hopeww https://t.co/qMFhOVEY9T",HOPEworldwide,3
43,2021-10-27 14:00:20+00:00,1.45336E+18,"Volunteering = a tool for inspiring greater hope ________

Your turn ‚¨____

Credit: UN Volunteers

#hope #hopeworldwide #hopeww https://t.co/zmjfwbhI3I",HOPEworldwide,2
44,2021-10-22 14:01:23+00:00,1.45155E+18,"__NYAC APPLICATIONS ARE OPEN__

Are you a U.S. high school or college student looking for the opportunity to build important leadership skills? The National Youth Advisory Council (NYAC) is for you!

Applications are live! Visit https://t.co/tS8Cw4eVuP to learn more!
 
#hopeww https://t.co/6ETymxLv4P",HOPEworldwide,2
45,2021-10-20 14:35:34+00:00,1.45083E+18,"__SINGHOPE is COMING! With some new artists! __

Any guesses for which artists will be performing?

Save the date! SINGHOPE is back on Nov 12th.

#hope #hopeworldwide #hopeww https://t.co/nGpahaeZIU",HOPEworldwide,1
46,2021-10-19 14:00:20+00:00,1.45046E+18,"__Great work HOPEww Golf Classic__

The HOPEww Dallas-Fort Worth Chapter set up this awesome fundraiser where 96 people came together to play a round of 18 holes of golf and raise money for HOPE worldwide Africa.

#hopeworldwide #hopeww https://t.co/XEkbcT8rPS",HOPEworldwide,2
47,2021-10-15 16:01:13+00:00,1.44904E+18,"____SINGHOPE is BACK____

Mark your calendars! Save the date! SINGHOPE is back on Nov 12th.

We are so excited to host this year__ SINGHOPE with some new artists, and new twists! 
More details coming soon.

#hope #hopeworldwide #hopeww https://t.co/jhDOtTke0x",HOPEworldwide,3
48,2021-10-13 16:01:14+00:00,1.44832E+18,"As a part of #hispanicheritagemonth, we asked some of our staff members of Hispanic/Latinx heritage to share what this month means to them.
 
We would love to hear your story and what this month of celebrating your heritage means to you!
 
#hopeww #latinxheritagemonth https://t.co/cbR8EckR2Y",HOPEworldwide,2
49,2021-10-10 14:00:32+00:00,1.4472E+18,"__Today is World Mental Health Day__

We wanted to share some of our favorite quotes and reminders with you about mental health. We hope today you remember how important mental health is and take action to prioritize your mental health.

#hopeww #mentalhealth #mentalhealthday https://t.co/Y90cvboBtI",HOPEworldwide,3
50,2021-10-09 14:00:26+00:00,1.44684E+18,"__HOPEww 2021 Awards__

One week ago we hosted Think Tank 2021 with our Chapter Leaders &amp; Service Leaders here in Atlanta, GA. At the event, we were able to recognize some of our incredible volunteers by presenting them with our HOPEww 2021 awards!

#hopeww #hopeworldwide https://t.co/TAZXC4DtsI",HOPEworldwide,3
51,2021-10-05 14:00:25+00:00,1.44539E+18,"We are so grateful for our incredible staff, volunteers, and supporters here at HOPE worldwide! 

Thank you for your incredible support as we seek to pursue our mission! Together we can INSPIRE GREATER HOPE!
 
#hopeww #hopeworldwide https://t.co/85F2GuVmVm",HOPEworldwide,3
52,2021-10-04 14:09:00+00:00,1.44503E+18,"--REPOST from Hope worldwide NY Metro--

Urban areas across the NY/NJ metro region are in great need! From beautification to feeding the food insecure, HOPEww volunteers are working, even during a pandemic, to meet those needs!

#hope #hopeworldwide #hopeww https://t.co/6LQBJRA3AY",HOPEworldwide,3
53,2021-10-01 14:00:55+00:00,1.44394E+18,"We are excited to announce our provisional plan for 2022. We say __rovisional_ as we are still dealing with COVID-19 contingencies and unpredictability. Registration for the 2022 trips will open on December 1.

Which trip are you signing up for?

#hopeww #hvc #hopevolunteercorps https://t.co/tNGLbQ21V7",HOPEworldwide,2
54,2021-09-30 14:05:04+00:00,1.44358E+18,"REPOST--@_HopeIndia:
The HOPE foundation school, in the village of Chinnagudi in Nagapattinam district of India, teaches over 300 children from kindergarten to fifth grade. Providing quality English education within walking distance of their homes has endeared the school.
#hopeww https://t.co/UXA0K3iBlF",HOPEworldwide,3
55,2021-09-29 14:00:27+00:00,1.44321E+18,"How would you describe a volunteer? _

For us, volunteers partner with their local and global communities to bring about sustainable development.

#hope #hopeworldwide #hopeww https://t.co/1J6AfX1PUl",HOPEworldwide,2
56,2021-09-26 14:00:07+00:00,1.44213E+18,"Leave a _§Ô_ below for the support__

This is so true. Everyone could use a hug from time to time.____ Maybe today you__l have an opportunity to be that support to someone else!
____
Video: shackychan2 on TikTok

#hope #hopeworldwide #hopeww https://t.co/1QVyzDUPEy",HOPEworldwide,3
57,2021-09-25 14:00:34+00:00,1.44176E+18,"__HOPEww Volunteer Corps Bahamas Highlight__

__eing part of HVC has allowed me the opportunity to put my faith in action, build new, spiritual, deep and hopefully lifelong friendships, experience the blessings and challenges of a new culture!_

#hopeworldwide #hopeww https://t.co/KZGGrXBhTL",HOPEworldwide,2
58,2021-09-24 14:38:52+00:00,1.44141E+18,"@CatFoundationTS Gives $200,000 Grant to HOPE worldwide bringing relief to the vulnerable communities affected by the COVID19 pandemic in Indonesia!

To learn more click here: https://t.co/nXpNcmGUuZ 
 
#hopeww #hopeworldwide #caterpillarfoundation #hopeworldwideindonesia https://t.co/p3N9NdXBW4",HOPEworldwide,3
59,2021-09-23 14:00:58+00:00,1.44104E+18,"__Meet the newest 2022 Global Service Interns!__

We are so excited to announce our newest members of GSI! These seven young men and women will be trained to lead our #HOPEww Volunteer Corps trips around the world.

Click the link for their full bios: https://t.co/u0W4gpJWfO. https://t.co/gojWpqoeL8",HOPEworldwide,3
60,2021-09-21 14:01:05+00:00,1.44032E+18,"__Celebrating Hispanic Heritage Month!__
 
During this month we will be honoring and highlighting those of Hispanic/Latinx heritage from our staff, our volunteers, and the many historical figures who represent our mission.
 
#hopeww #hopeworldwide #HispanicHeritageMonth https://t.co/vwLKd2iEj8",HOPEworldwide,3
61,2021-09-20 19:00:12+00:00,1.44003E+18,"Over the past month with the support of our partners HOPEww Haiti, the Caribbean Mission Society, and other Haiti supporters, we__e been able to provide critical food and medicine to families. 

To Donate Now: https://t.co/VcPyIhgAsr

#hopeww #hopeworldwide https://t.co/TNWO5McP9c",HOPEworldwide,3
62,2021-09-18 16:00:18+00:00,1.43926E+18,"__Happy National Cleanup Day__

There are tons of events happening globally today to clean up local parks, trails, beaches, mountains &amp; open spaces!

How will you be spending your #NationalCleanupDay?

#hope #hopeworldwide #hopeww https://t.co/dGbRu3T2xN",HOPEworldwide,2
63,2021-09-16 14:00:35+00:00,1.4385E+18,"Such an amazing point from this throwback to Carmen Hamilton__ TED Talk __dverse Childhood Experiences (ACEs)_ from our 2019 Global Conference! 
 
Click the link to check out our YouTube channel for this and other videos: https://t.co/dNVbUz9Djr.
 
#hopeworldwide #hopeww https://t.co/MNyUWuHAMd",HOPEworldwide,3
64,2021-09-12 14:00:16+00:00,1.43705E+18,"_§ØWhat a simple, yet amazing idea!_§Ô_
Especially during a time like now where so many people have been isolated or alone, this is such a great way to brighten someone__ day and serve your local community in a unique and fun way!
__: @lalalandkindcafe
#hope #hopeworldwide #hopeww https://t.co/6bnomMDHPv",HOPEworldwide,2
65,2021-09-10 18:00:04+00:00,1.43639E+18,"This is a throwback to Ben Barnett__ message __reach Good News to the Poor_ from last year! Want to go back and watch the full thing? Click the link to check out our YouTube channel for this and other videos: https://t.co/uf5FdILipe.

#hopeworldwide #hopeww https://t.co/zQB07vy8tS",HOPEworldwide,3
66,2021-09-09 14:00:19+00:00,1.43597E+18,"__Volunteering is at the core of who we are at HOPE worldwide__

This month we are focusing on volunteering, and we want to hear from YOU! What does volunteering mean to you? What ways do you #volunteer in your local community? Let us know in the comments!

#hopeworldwide #hopeww https://t.co/aspcGYUJor",HOPEworldwide,2
67,2021-09-08 15:00:33+00:00,1.43562E+18,"_Is your service reciprocal?_

This is a throwback to D.J. Sheutze__ TED Talk __eciprocal Missions_ from our 2019 Global Conference! Want to go back and watch the full thing?

Click here to watch the full videoi: https://t.co/glKJdtvYsF.

#hopeworldwide #hopeww https://t.co/WhVthb7mUC",HOPEworldwide,2
68,2021-09-07 14:00:32+00:00,1.43524E+18,"__Gratitude: We serve out of gratitude. When we serve it helps us shift our mindset to an understanding that we have so much.
__Transformation: Serving others transforms us!
_§Ô_Love: We serve because it is an expression of love, and God has called us to love our neighbor!

#hopeww https://t.co/VoQk7M0jzJ",HOPEworldwide,2
69,2021-09-06 14:01:05+00:00,1.43488E+18,"HVC Lebanon Highlight!

""A group of volunteers served around 200 children affected by the Port explosion, while the rest painted the school ceilings &amp; walls joyfully."" - HOPEww Lebanon

#hopeww #hopeworldwide https://t.co/8zNQu1bCyt",HOPEworldwide,2
70,2021-09-05 14:00:16+00:00,1.43452E+18,"Today we celebrate #InternationalDayofCharity and honor the legacy of #MotherTeresa who devoted her life to loving and helping people in need. In 1996 our founders, Bob and Pat Gempel, honored her with the HOPE Unity Award. 

#hope #hopeworldwide #hopeww #unitednations https://t.co/pWZoNEMw0b",HOPEworldwide,2
71,2021-09-04 14:00:28+00:00,1.43415E+18,"--REPOST HOPE worldwide Canada--

Our 2021 HOPE in Action Fundraiser was a huge success thanks to the 214 participants who raised over $52,000!

Thank you to all our incredible participants and donors who took ACTION.
 
#hopeww https://t.co/LpgagY8JSb",HOPEworldwide,3
72,2021-09-03 18:15:04+00:00,1.43386E+18,"Responding to #HurricaneIda
#HOPEworldwide is responding to immediate needs in the wake of #Hurricane #Ida in Louisiana. Our disaster response team is providing air conditioners, generators along with other essential supplies.
 
Donate Now: https://t.co/VcPyIhgAsr.
#hopeww https://t.co/VTYTND0Dn7",HOPEworldwide,2
73,2021-09-01 14:01:12+00:00,1.43307E+18,"How would you describe a volunteer? _
 
For us, volunteers partner with their local and global communities to bring about sustainable development.

 #hopeworldwide #hopeww https://t.co/FGejTrJLeO",HOPEworldwide,3
74,2021-08-30 19:00:20+00:00,1.43242E+18,"--REPOST HOPE worldwide Massachusetts--

We had some volunteers team up with @TheCharityGuild to put together a Back-to-School initiative.

This was a backpack drive to support the amazing work of The Charity Guild in the community of Brockton!

#hope #hopeworldwide #hopeww https://t.co/Q7kfm9JZws",HOPEworldwide,2
75,2021-08-30 13:00:25+00:00,1.43233E+18,"Pray for those affected by #HurricaneIda.
Category 4 Hurricane #Ida has made landfall, impacting #Louisiana and #Mississippi. #HOPEww is actively assessing the situation to prepare disaster relief assistance. Donate Now: https://t.co/VcPyIhgAsr. 

#hopeworldwide https://t.co/5z2ylsanO5",HOPEworldwide,3
76,2021-08-29 14:00:23+00:00,1.43198E+18,"Here are seven reasons why everyone should #volunteer!

Can you tell us yours? Comment below‚¨__

Credit: @unvolunteers

#hope #hopeworldwide #hopeww https://t.co/5LTTWLLmph",HOPEworldwide,2
77,2021-08-28 14:00:05+00:00,1.43162E+18,"Service comes in many different forms__
 
Sometimes it__ just taking a second out of your day to help someone.
 
If you're in a position to help someone today, do it _§Ô____
___
Video: tommyxblake on tiktok
 
#hopeworldwide #hopeww https://t.co/3av0H5sCkS",HOPEworldwide,3
78,2021-08-25 14:17:43+00:00,1.43053E+18,"This is a throwback to Reese Nyland__ message __iblical Service_ at our 2019 Global Conference! Want to go back and watch the full thing? Click the link to check out our YouTube channel for this and other videos: https://t.co/ItGHAAz2Ay. 
 
#hopeworldwide #hopeww https://t.co/2caMY68FpL",HOPEworldwide,2
79,2021-08-20 14:00:30+00:00,1.42872E+18,"On Aug 14 #Haiti was hit by a 7.2M earthquake. 1,400 people were killed &amp; thousands were injured. #HOPEww is sending immediate food and water aid &amp; is working with HOPEww Haiti to assess needs and develop a long-term recovery plan.

To donate click here: https://t.co/VcPyIhgAsr. https://t.co/OPwZxH0d0S",HOPEworldwide,3
80,2021-08-19 14:00:37+00:00,1.42836E+18,"We thought this was a great reminder to us as we seek to serve those around us that as long as we pick ourselves back up when we fall, there are no limits to what we can achieve in our communities and change in our world.
 
__: @officialdugas on Instagram
 
#hopeworldwide #hopeww https://t.co/JGTZNKTpg6",HOPEworldwide,3
81,2021-08-18 14:00:50+00:00,1.42799E+18,"__PRAY FOR AFGHANISTAN____

Join us as we__e praying for #Afghanistan today, for the safety and security of all children and families in the area.
 
#hopeworldwide #hopeww #prayforafghanistan https://t.co/QQFr4mV115",HOPEworldwide,3
82,2021-08-17 22:00:11+00:00,1.42775E+18,"Happy #NationalNonprofitDay! Here are five ways to give some extra support today to HOPEww. Do one or all five!

__________ ________ ________ ________ ________ ______________! Let us know how HOPEww has impacted your life in the comments.

#hopeworldwide #hopeww https://t.co/P9GUhgX9BR",HOPEworldwide,3
83,2021-08-16 14:09:55+00:00,1.42727E+18,"Join us on Instagram LIVE: TONIGHT @ 7 pm EST/4 pm PST as we interview three HVC 2021 participants: Jose Escarcega from HVC Tucson, Elena Araneo from HVC Mexico, &amp; Emilio Reyes from HVC Philly. 
 
Find it here: https://t.co/0Bf0zbF45a.
 
#hopeww #hopewwvolunteercorps #hvc https://t.co/aW8HISpqcj",HOPEworldwide,3
84,2021-08-15 01:00:12+00:00,1.42671E+18,"Join us on Instagram LIVE: MONDAY @ 7 pm EST/4 pm PST as we interview three HVC 2021 participants: Jose Escarcega from HVC Tucson, Elena Araneo from HVC Mexico, &amp; Emilio Reyes from HVC Philly. 
 
Find it here: https://t.co/0Bf0zbF45a.
 
#hopeww #hopewwvolunteercorps https://t.co/OPSrRG0U9E",HOPEworldwide,3
85,2021-08-14 19:00:08+00:00,1.42662E+18,"Please Pray for Haiti!
A 7.2M #earthquake hit Haiti this morning causing mass destruction. #HOPEworldwide is actively assessing the situation to prepare aid and recovery assistance. Please Donate Now https://t.co/VcPyIhgAsr.  #hopeww #prayforhaiti #haiti https://t.co/eAfVdNvXEF",HOPEworldwide,3
86,2021-08-13 14:01:06+00:00,1.42618E+18,"__Tucson HOPEww Volunteer Corps Highlight__

--REPOST: Jamie Steach--

For two weeks we all assembled together in Tucson, AZ, for an HVC, and although I went into this trip knowing literally no one on it, I think they__ all agree with me for saying we left as a family.

#hopeww https://t.co/6ldnutLAuC",HOPEworldwide,2
87,2021-08-12 14:01:01+00:00,1.42582E+18,"This is from our US Volunteer Training __ow To Honor Your Neighbors_ Dignity When Donating.""
 
Missed it? Click the link to go watch now: https://t.co/yqrmezkU2l.
 
Spanish subtitled version available on our blog: https://t.co/blBAWvcoZY.
 
#hopeworldwide #hopeww https://t.co/VxSmMjVmet",HOPEworldwide,2
88,2021-08-11 14:00:51+00:00,1.42546E+18,"Do the best you can every day _ that is more than enough.

We are focused on mental health this month and thought this was a great reminder to just be content with your best! No need to stress over what you can__ change.

Quote: justfortoday.i on Instagram

#hopeworldwide #hopeww https://t.co/V5VcwH5jbo",HOPEworldwide,2
89,2021-08-08 14:00:26+00:00,1.42437E+18,"Small progress is still progress _ keep going!

This month we are focusing on mental health! It__ important to remember to have patience in the process of working on your mental health.

We hope this reminder helps you!

Quote: justfortoday.i on Instagram

#hopeworldwide #hopeww https://t.co/937BDptYgW",HOPEworldwide,2
90,2021-08-07 14:00:44+00:00,1.42401E+18,"Check out this testimony from HVC Mexico 2021:
 
__ am super grateful to God for being able to be part of HVC Mexico and to serve this year in my country. I learned a lot of things, and God did really transform my heart in many ways._ - Daniel Arroyo

#hopeww #hvc #hopeworldwide https://t.co/kggGySOjDy",HOPEworldwide,3
91,2021-08-05 14:09:12+00:00,1.42328E+18,"In our recent interview with some of our HOPEww NYAC members, Mikel Perez shared this insight about the concept of empowering versus one-way giving.

Full video: https://t.co/g0RtAdy3yC

Want to support NYAC? Check out their fundraisers here: https://t.co/gewYV7eTPW
#nyac #hopeww https://t.co/3iN5bFdcQh",HOPEworldwide,3
92,2021-08-02 16:00:14+00:00,1.42223E+18,"__Even the simplest things can bring joy to so many.__
 
This is such a great example of serving your community in a creative way! Share this with someone who brings you joy!
 
Video credit: Thrive Global
 
#hopeww #hopeworldwide #dogood #bringjoy https://t.co/VSZrwO9dOo",HOPEworldwide,3
93,2021-08-01 16:00:02+00:00,1.42186E+18,"We had an incredible interview with a few of our #hopeww NYAC members, and Katrina Arcellena shared this insight about the power of our words.
 
Check out the full video here: https://t.co/g0RtAdPEXc
 
Want to support NYAC? Check out their fundraisers here https://t.co/gewYV6XiYo https://t.co/nXESqznMOq",HOPEworldwide,3
94,2021-07-31 16:00:43+00:00,1.4215E+18,"__uly 15-18 a team of 25 US-based volunteers traveled to San Pedro Sula for the 23rd Community Service Brigade to Honduras.
 
This community has been hit hard by the COVID19 pandemic and two devastating hurricanes in the same week in the fall of 2020._ - Dave Tomlinson

#hopeww https://t.co/EMKRubIiD1",HOPEworldwide,3
95,2021-07-30 21:36:20+00:00,1.42122E+18,"A recent study found that approximately 85% of respondents in Delhi had not earned income from their main job since the Coronvirus began in India.
@Teleperformance @HOPEworldwide (1/2)

#DefeatHunger #India #HopeWW #Teleperformance #FeedtheChildren https://t.co/OmLkFoNWIE",feedthechildren,3
96,2021-07-30 21:36:01+00:00,1.42122E+18,"Thanks to donations from @Teleperformance and the partnership of @HOPEworldwide, we will provide nearly 10,000 individuals with food in and around Delhi, Mumbai, Bangalore, Chennai, and Pune. (2/2)

#DefeatHunger #India #HopeWW #Teleperformance #FeedtheChildren https://t.co/8ffKCtBl15",feedthechildren,2
97,2021-07-29 16:00:44+00:00,1.42078E+18,"We had an incredible interview with Santiago Rios and other GSI alum this past Monday! They shared stories from their time on GSI as well as the impact that GSI had on their lives since.

Check out the full video here: https://t.co/eQKJVaQIWn
 
#hopeww #hopewwvolunteercorps https://t.co/MxP77dag6m",HOPEworldwide,2
98,2021-07-28 14:01:04+00:00,1.42038E+18,"This is from our US Volunteer Training __ow To Honor Your Neighbors_ Dignity When Donating."" If you missed it, we__e uploaded it to our YouTube channel for you to watch! Click here: https://t.co/2Fc0ZMu37c.
 
What do you want to learn from the event?
 
#hopeworldwide #hopeww https://t.co/xjAXmiyqp9",HOPEworldwide,2
99,2021-07-26 14:00:56+00:00,1.41966E+18,"Join us on Instagram LIVE: TONIGHT @ 7 pm EST/4 pm PST as we interview three NYAC members: Mikel Perez, Katrina Arcellana, and Lola Oke. https://t.co/0Bf0zbF45a
 
You don__ want to miss this!
 
#hopeww #hopewwnyac #nyac https://t.co/zgGbQbAjob",HOPEworldwide,2
100,2021-07-25 14:00:33+00:00,1.4193E+18,"__ So encouraging to see the work being done HOPE worldwide Ecuador as they seek to serve alongside their local community. __

#hope #hopeworldwide #hopeww #hopeworldwideecuador https://t.co/fAtcUNr0zx",HOPEworldwide,2
101,2021-07-24 14:00:27+00:00,1.41893E+18,"We had an incredible interview with Hannah DeSouza and other GSI alum this past Monday! 

Check out the full video here: https://t.co/Go6Kp6dgzV

#hope #hopeworldwide #hopeww #gsi #hopewwvolunteercorps https://t.co/4WRH4YcXs7",HOPEworldwide,2
102,2021-07-23 14:00:24+00:00,1.41857E+18,"_NYAC SLA Takeaways_§Ø

Karson Baldwin shared with us what he learned from HOPEww NYAC Servant Leadership Academy.
 
Want to support our NYAC members? Check out their ongoing fundraisers by clicking the link: https://t.co/gewYV6XiYo.
 
#hopeworldwide #hopeww #hopewwnyac #nyac https://t.co/3CuajiE2Mp",HOPEworldwide,2
103,2021-07-22 14:01:02+00:00,1.41821E+18,"Five ways that you can implement the training that we had at our __ow To Honor Our Neighbors_ Dignity When Donating_ event!
 
Want to go back and watch the event? It__ on our YouTube channel right now! Click the link to go watch: https://t.co/RXyyd0RnFa.
 
#hopeworldwide #hopeww https://t.co/AyCOCWibOo",HOPEworldwide,2
104,2021-07-20 19:00:19+00:00,1.41756E+18,"This is from our US Volunteer Training __ow To Honor Your Neighbors_ Dignity When Donating."" If you missed it, we__e uploaded it to our YouTube channel for you to watch! Click here: https://t.co/2Fc0ZMu37c.
 
What takeaways did you have from the event?
 
#hopeworldwide #hopeww https://t.co/lO9czWQv3B",HOPEworldwide,3
105,2021-07-19 14:00:56+00:00,1.41712E+18,"Join us on Instagram LIVE: TONIGHT @ 7pm EST/4 pm PST as we interview GSI alum (Matt Ruppert, Santiago Rios, &amp; Hannah DeSouza). https://t.co/0Bf0zbF45a
 
GSI applications are open until 8/10! Click here to apply: https://t.co/ruqyOoO3ip.
 
#hopeww #GSI https://t.co/1qntZFsbPb",HOPEworldwide,3
106,2021-07-18 14:00:25+00:00,1.41676E+18,"Check out these 3 takeaways from our NYAC Members to see what they learned during their time at their Servant Leadership Academy.
 
Want to support NYAC? Check out their ongoing fundraisers by clicking the link: https://t.co/gewYV6XiYo.
 
#hopeworldwide #hopeww #hopewwnyac #nyac https://t.co/jOvcc5dIkH",HOPEworldwide,3
107,2021-07-17 14:00:47+00:00,1.4164E+18,"This week kicked off four different trips: Tuscon HVC, La Misi√≥n HVC, Hawaii HYC, and Philly HYC! Earlier this summer we had our Seattle HYC and Daytona Beach HVC closeout!
 
Stay tuned for more updates from our 2021 HVC__!_
 
#hopeworldwide #hopeww #hopewwvolunteercorps https://t.co/FKa4XDMtSa",HOPEworldwide,3
108,2021-07-16 19:00:52+00:00,1.41611E+18,"Join us on Instagram LIVE: Mon, 7/19 @ 7pm EST/4 pm PST as we interview GSI alum (Matt Ruppert, Santiago Rios, &amp; Hannah DeSouza) to share the impact GSI has had on their lives.
 
GSI applications are open until 8/10! Click here to apply: https://t.co/ruqyOoO3ip.
 
#hopeww #GSI https://t.co/OW46wCu4SX",HOPEworldwide,3
109,2021-07-16 14:00:55+00:00,1.41604E+18,"__Did you miss our event __ow To Honor Your Neighbors_ Dignity When Donating"" last night?_•∫

Not to worry! We have uploaded it to our YouTube channel for you to go back and watch! Click here to watch it: https://t.co/HrlXEhbwYj.

#hope #hopeworldwide #hopeww https://t.co/MsnSerQ8MU",HOPEworldwide,3
110,2021-07-15 14:24:18+00:00,1.41568E+18,"__TODAY__

Join us for our US Volunteer Training on July 15th at 8 pm EST / 5 pm PST via Facebook Live! Register today for the event by clicking the link: https://t.co/8RR8pqtSNm

#hope #hopeworldwide #hopeww https://t.co/d7M0LOaQEQ",HOPEworldwide,3
111,2021-07-14 16:43:28+00:00,1.41535E+18,"__TOMORROW__

Join us for our US Volunteer Training on July 15th at 8 pm EST / 5 pm PST via Facebook Live! Register today for the event by clicking the link: https://t.co/AWK1CyMdU3

#hope #hopeworldwide #hopeww https://t.co/QD5yavcRx1",HOPEworldwide,3
112,2021-07-13 14:18:44+00:00,1.41495E+18,"Daphne Mall shared with us what she learned from HOPEww NYAC Servant Leadership Academy.
 
Want to support our NYAC members? Check out their ongoing fundraisers by clicking the link: https://t.co/xj8JNXxpBD.
 
#hopeworldwide #hopeww #hopewwnyac #nyac https://t.co/fMiCcjoVbv",HOPEworldwide,2
113,2021-07-12 19:57:26+00:00,1.41468E+18,"@Teleperformance, HOPEww &amp; @feedthechildren
have joined forces to support the most vulnerable communities in India during this ongoing, global crisis.

Read the full press release here: https://t.co/MlsFk4Nj9a

#hopeworldwide #hopeww #covid19 #india #covidindia https://t.co/KV4MPLjuJd",HOPEworldwide,3
114,2021-07-09 14:20:14+00:00,1.4135E+18,"Cameron Shelly, a current NYAC member, shared one of the impactful things he learned while on the HOPEww NYAC Servant Leadership Academy trip!

To support ongoing NYAC fundraisers, click this link: https://t.co/gewYV7eTPW.

#hopeworldwide #hopeww #hopewwnyac #nyac https://t.co/fIRMNav6rp",HOPEworldwide,2
115,2021-07-08 14:01:05+00:00,1.41314E+18,"__ONE WEEK AWAY__

Join us for our US Volunteer Training on July 15th at 8 pm EST / 5 pm PST via Facebook Live! Register today for the event by clicking the link: https://t.co/TmJZxerlWJ
#hope #hopeworldwide #hopeww https://t.co/YBQGZv8YGx",HOPEworldwide,3
116,2021-07-06 14:01:05+00:00,1.41241E+18,"@HOPEwwNYAC just finished their annual Servant Leadership Academy in Mexico learning about cultural humility, planning their passion programs, and serving alongside the local community in Tijuana with our local HOPE chapter.

#hopeworldwide #hopeww #hopewwnyac #nyac https://t.co/YDNeDkolDE",HOPEworldwide,2
117,2021-07-02 14:00:52+00:00,1.41096E+18,"_What do you think of?__

We love seeing your answers! Let us know in the comments what you think of when you think of the word __ope_! 

#hope #hopeworldwide #hopeww https://t.co/hLoeWrXJUA",HOPEworldwide,3
118,2021-07-01 14:00:22+00:00,1.4106E+18,"Would you like to be trained to lead a Volunteer Corps? Are you an 18-24 university student? Have you been on an HVC before? Apply for GSI!

Applications and recommendations are due August 10th. Click the link for more info: https://t.co/ruqyOowrTP. #hope #hopeworldwide #hopeww https://t.co/v33cXxyV27",HOPEworldwide,2
119,2021-06-19 16:00:43+00:00,1.40628E+18,"#HOPEww is proud to celebrate #Juneteenth, a holiday honoring the end of slavery in the US. It__ an honor to stand with our Black brothers and sisters. Over the past 30 years, God has allowed us to participate in the divine mission to inspire greater hope in a hurting world. https://t.co/XWOoQxqmMi",HOPEworldwide,3
120,2021-04-02 16:00:57+00:00,1.37801E+18,"Got your merch? Spread hope by wearing the latest HOPEww t-shirts, hoodies, hats and more at https://t.co/3os3C3aX0T. #HOPEww https://t.co/7rtApiqtGn",HOPEworldwide,2
121,2021-03-22 16:01:26+00:00,1.37403E+18,"Today is #WorldWaterDay, and this year__ goal is to generate a global, public conversation on social media about how people value water in different contexts. Learn more about HOPEww__ partnership with Wine to Water here: 
https://t.co/OXsQd3n4Lp. #hopeww https://t.co/jS1D8xKXoy",HOPEworldwide,3
122,2021-03-17 16:02:05+00:00,1.37222E+18,Frank Descotes brought up some very thought-provoking &amp; important questions during a recent lesson for the European HOPEww Conference 2020. Check out what he says are five characteristics the early church demonstrated. #HOPEww #serve https://t.co/H6ImjRft3M,HOPEworldwide,3
123,2021-03-04 17:01:04+00:00,1.36752E+18,"In November 2020, several typhoons wreaked havoc in the Philippines, affecting several million locals. Since then, HOPE worldwide served 5,363 people with food, water filters and other aid. Read the full update: 

https://t.co/5DGzRL7mvQ

 #ulyssesph #disasterresponse #hopeww https://t.co/6be2QWaiVI",HOPEworldwide,3
124,2021-03-03 17:30:44+00:00,1.36717E+18,"After almost a year since the reminder to __e Still,_ we are pleased to share another original spoken word by Lindsey Dominguez. We hope it is an encouragement to keep serving, from backyard to food pantry, and inspire greater HOPE. #hopeww #spokenword #serve https://t.co/ifkxJ70d2T",HOPEworldwide,3
125,2021-02-24 17:01:04+00:00,1.36462E+18,"It is with great sadness that we share that our sister, Mary Thurman, has passed away. Mary was a beautiful lady inside and out and was a key leader of the HOPEww Columbia (SC) Chapter. She will be dearly missed. #hope #hopeww https://t.co/9qLpkCQTE1",HOPEworldwide,2
126,2020-08-09 18:00:54+00:00,1.29252E+18,Sharing from our Church leaders in Lebanon. So real and powerful. Please keep Lebanon in your prayers. Here is a link to give help with food and water for those in need.   https://t.co/TsaxIFfzwL ____ #scvcoc #laicc #ICOC #HOPEww  https://t.co/wc6lRbChPg,scvcoc,3
127,2020-05-13 21:59:06+00:00,1.26069E+18,"@johnkrasinski @somegoodnews @LimebackArt Here__ @somegoodnews from 3 teens who organized a virtual benefit concert for those going hungry in quarantine. They raised over $122,000 in 1 hour!!
#SingHOPE #SGN #COVID19Relief #HOPEww @johnkrasinski #HOPEwwNYAC https://t.co/w7HH8ltoTX",RussHargrove,2
128,2020-05-13 14:34:18+00:00,1.26058E+18,"@somegoodnews Thank you for bringing hope to people! Here__ @somegoodnews from 3 teens who organized a virtual benefit concert for those going hungry in quarantine. They raised over $122,000 in 1 hour!!
#SingHOPE #SGN #COVID19Relief #HOPEww @johnkrasinski #HOPEwwNYAC https://t.co/gTaiVHMXak",RussHargrove,3
129,2020-05-06 00:25:44+00:00,1.25783E+18,So happy to see the service of HOPE worldwide highlighted on Sing HOPE #hopeww.org/singhope please donate https://t.co/rPHYd9DAGF,atsjax,3
130,2020-02-25 21:15:21+00:00,1.23241E+18,"https://t.co/Vabw7ra3Rq
Donate bitcoin to HOPE Worldwide
@HOPEworldwide
#ChangeTheWorld_and_#donate_#bitcoin to_#charity_&amp;_#nonprofit_#organisations

#Donatebitcoin__#donateabit_#btc #CryptoForGood
#HOPEww #BringingHope #ChangingLives #addHope",bit_org,3
131,2020-02-21 18:12:48+00:00,1.23092E+18,Congratulations HOPE Scouts Jacksonville troop#68. Thanks to Delgados for leading the charge #hopeww #impactingyouth4good,hopewjax,2
132,2020-02-18 18:49:19+00:00,1.22984E+18,Black History Month is a time to reflect on the great victories of the past and celebrate the many accomplishments to come! Here is our amazing memory with Nelson Mandela a hero of unity! #HOPEww #BringingHope #ChangingLives #BlackHistoryMonth2020 https://t.co/CMYUisPoVW,HOPEworldwide,3
133,2020-01-27 20:24:06+00:00,1.22189E+18,Love Hope Worldwide!! #hopeww https://t.co/vBste7yfYJ,lovgren_doug,2
134,2020-01-19 06:17:53+00:00,1.21878E+18,HOPWww Day of Service at Carousel Ranch with our Church family and community. So much fun rolling up our sleeves and working together! #scvcoc #Santaclaritachurchfamily #purpose #Hopeww #Hopedayofservice #Hopeday #hammertime__ #loveourchurch #carouselranch #equestriantherapy https://t.co/v0zLFv3SBx,scvcoc,3
135,2020-01-18 23:19:38+00:00,1.21867E+18,"Grateful we had the opportunity to serve those in need along side so many BIG hearted volunteers
#HOPEww #NOBA #NotOnBreadAlone #DowntownDenver #MLKservingDay #HOPEww 
Thank you Vu for being an Amazing Leader!!! 
@HOPEworldwide @denverchurchorg https://t.co/62kQnrp7DK",MJAnton,2
136,2020-01-04 22:32:02+00:00,1.21359E+18,"As we grow our micro-lending business, this is a truism I believe: Entrepreneurship can be the antidote to poverty https://t.co/AxwqKBcvpb
#entrepreneurroadmap #HOPEww https://t.co/dKhrwZLgYW",thnqninjas,3
137,2019-09-02 14:00:01+00:00,1.16852E+18,"HOPEww is throwing it back this #LaborDay to 2016!
Check out this awesome video, produced by our partners at Kidogo, covering our wonderful volunteers serving Louisiana flood victims over Labor Day weekend in 2016! 
#LaborofLove #HOPEww
https://t.co/lzztZjeGxp",HOPEworldwide,2
138,2019-07-01 19:46:13+00:00,1.14578E+18,We also had a very successful blood drive along as our HOPE worldwide project! @HOPEworldwide @okblood #hopeww #hopeworldwide #hopewwokc #hopewwokchapter #oklahomabloodinstitute #okc #okcchurch #oklahoma_ https://t.co/GBrCw1VU9H,OKCChurchNow,3
139,2019-06-26 23:55:13+00:00,1.14403E+18,So grateful for this grant from YUM! (KFC) and support from other key partners. Together these partners are helping HOPE worldwide respond to Cyclone Idai in Mozambique. Thank you! ____ #MOZHOPE #HOPEww #GiveHOPE: https://t.co/jbGCFvUbIS https://t.co/4L7oBIGAhG,HOPEworldwide,2
140,2019-04-06 16:50:10+00:00,1.11457E+18,"HOPE worldwide mobilizes volunteers and supplies to help people in crisis. Give today and a generous friend of Hww will match your gift! 

https://t.co/X4ZsC4zOBP

#GiveHOPE #HOPEww",RussHargrove,3
141,2019-01-22 15:48:56+00:00,1.08774E+18,Service opportunity!! #serve #homeless #blessingbags #hope #hopeww #hopeworldwide #hopewwokc #hopewwokchapter https://t.co/qIcUMxJSdP,OKCChurchNow,2
142,2018-12-15 12:00:18+00:00,1.07391E+18,The giving tree gifts from our HOPE worldwide holiday helpers were delivered yesterday. Thank you to all who participated!! #hopeww #hope #hopeworldwideokc #hopeworldwide #hopewwokc #give #giving #saturday https://t.co/tVQMrNWcdt,OKCChurchNow,3
143,2018-09-21 01:39:44+00:00,1.04295E+18,Thank you Jax Church and HOPE worldwide Jacksonville Chapter for your generous donations which are heading north to Savannah to be shared with NC flooding victims.  The Car is PACKED!!  Thanks for the teen help Ben. #jaxchurch #hopeww,hopewwjax,3
144,2018-09-17 01:32:05+00:00,1.0415E+18,"Great fun for an even greater cause!

#hopeworldwide #hopeww #fundraiser #africanculture #africanfood #afrolatin https://t.co/jycsOVlAZj",BessieKaine,3
145,2018-06-25 14:20:41+00:00,1.01125E+18,Incredible timing serving children with Hope Worldwide for Africa #HOPEWW https://t.co/Hk3xeTtyHu,strivera3648,3
146,2018-05-03 21:18:50+00:00,9.92152E+17,Honored &amp; Excited to produce Sling Bags for @HOPEworldwide @CJHopeScouts Hope Scouts Troop 1 &amp; Troop 7 #HopeScouts #Troop1 #Troop7 #HOPEww #JesusSurfedApparelCo https://t.co/9KIGhhYkkX,JesusSurfed,3
147,2018-02-23 18:42:09+00:00,9.67107E+17,"They still need hurricane relief help!!
Please give generously or just be on the newsletter. Pass along to friends https://t.co/btcil4EkXc #charity #donate #hopeww @hopeww",DeepBrightBass,3
148,2017-12-24 03:53:37+00:00,9.44778E+17,"Friends, i just sent gifts to support my favorite #charity #HOPEww via  @gooddler. Support them too. https://t.co/VPvthlSTih",fetati,3
149,2017-10-03 13:22:17+00:00,9.15205E+17,"Friends, i just sent gifts to support my favorite #charity #HOPEww via  @gooddler. Support them too. https://t.co/FT8yK3cEQm",LeCros1,3
150,2017-10-03 11:16:35+00:00,9.15174E+17,"Friends, i just sent gifts to support my favorite #charity #HOPEww via  @gooddler. Support them too. https://t.co/tjp7ejnStU",gabriel0702,3
151,2017-10-01 19:13:14+00:00,9.14569E+17,"Purchase #gifts via @gooddler for #HOPEww to cover their basic needs. Do good, be #GOODdler https://t.co/TnKAJcHEky #HelpUShelp #PuertoRico",olgasacasa,3
152,2017-10-01 03:41:32+00:00,9.14334E+17,"Purchase #gifts via @gooddler for #HOPEww to cover their basic needs. Do good, be #GOODdler https://t.co/bA4CPcT6RS #PuertoRico #Help",olgasacasa,3
153,2017-09-30 16:52:37+00:00,9.14171E+17,"Friends, i just sent gifts to support my favorite #charity #HOPEww via  @gooddler. Support them too. https://t.co/EZhikp73KT",hdlbarnes123,3
154,2017-09-19 18:17:17+00:00,9.10206E+17,"SUPPORT Hurricane Relief-$6.50 of each product sold Donated to @HOPEworldwide #SurvivedIrma #HOPEww #HurricaneRelief
https://t.co/rb58bHW8lU https://t.co/oUvJnvo4sT",MJAnton,3
155,2017-09-03 20:18:18+00:00,9.04438E+17,Hope Worldwide #Hopeww #Con√©ctateCambiaCrece #SomosyVamos https://t.co/BkKKDS4EmN,SomosyVamos,3
156,2017-08-27 22:58:41+00:00,9.01942E+17,"King of Pop! #HOPEww
https://t.co/r8Nd4FflOy",marcelhall,3
157,2017-08-22 20:53:54+00:00,9.00099E+17,"Props to HOPE Worldwide for the work throughout the years #HOPEww 
https://t.co/eiseOqINGG",marcelhall,3
158,2017-08-21 21:14:03+00:00,8.99741E+17,"I was on HYC 2002 #HOPEww 
https://t.co/HwcYvFPm6Q",marcelhall,3
159,2017-08-16 22:36:55+00:00,8.9795E+17,Have an impact in a child's life through the HOPE Saturday Academy this Fall! #SatAcademy #HOPEww https://t.co/U94ggdj14F via @YouTube,marcelhall,3
160,2017-08-16 21:20:39+00:00,8.97931E+17,Join us in having an impact with the youth &amp; in the community #SatAcademy #HOPE #HOPEww https://t.co/4QM5YHOSd9,oc_teenministry,3
161,2017-07-28 20:36:10+00:00,8.91035E+17,"Friends, i just sent gifts to support my favorite #charity #HOPEww via  @gooddler. Support them too. https://t.co/H2w4Va5bSA",fetati,3
162,2017-06-13 20:30:04+00:00,8.74726E+17,"Today we're looking back at 25 years of amazing volunteerism from the #HOPEww community. 
Check out the video here! https://t.co/zYYfImWRrB",HOPEworldwide,3
163,2017-06-08 21:00:11+00:00,8.72921E+17,"When disaster strikes, #HOPEww makes a difference. Check out this short video to see how HOPE helps, every day.
https://t.co/nhJJme87Wv https://t.co/YKjHcH0bzF",HOPEworldwide,3
164,2017-06-06 21:00:08+00:00,8.72196E+17,"For 25 years, #HOPEww has been changing lives. Celebrate with us as we move into the future together.

https://t.co/DKsIV0hsMe",HOPEworldwide,2
165,2017-05-15 16:40:04+00:00,8.64158E+17,Vote for me to be on the 2017 November cover of @MensHealthMag #mhguycontest #ricefootball #hopeww #anw https://t.co/bZzm6A1JGw,thegabebaker,2
166,2017-04-18 21:07:12+00:00,8.54441E+17,"Hey everybody, we got Robert on Twitter!!!!  Follow him as he follows Christ! #Hopeww #Hope_worldwide #letsdothis https://t.co/RE0QHuTM4U",HOPEworldwide,2
167,2017-04-17 22:33:24+00:00,8.54101E+17,#oneday #HopeWW hope_worldwide's photo https://t.co/PXblzV27gb,SomosyVamos,2
168,2017-03-09 17:03:43+00:00,8.39884E+17,"Pacific Southwest Evangelist Retreat #somosyvamos #HOPEWW 
A time to humble and examine our hearts, build... https://t.co/O1IthnZ8KY",SomosyVamos,2
169,2017-01-03 22:39:40+00:00,8.16414E+17,Interested in serving the poor or inspiring others? Check out local Hope worldwide chapters near you for opportunities. #volunteer #hopeww https://t.co/sf0z9ZlgOk,disciples_today,2
170,2016-12-26 22:00:49+00:00,8.13505E+17,"HOPE Worldwide is Hiring a Communications Officer! See link to apply today. 
#hopeww #jobopp #disciplestoday #icoc https://t.co/dqvKcmOdP9",disciples_today,2
171,2016-12-23 00:01:03+00:00,8.12086E+17,Give the gift of HOPE! A great opportunity to sponsor someone for a Hope Youth Corps community service project! @HOPEworldwide #icoc #hopeww https://t.co/H5xjKJwRxT,SouthBayChurch1,2
172,2016-12-22 23:54:21+00:00,8.12084E+17,"_Give the Gift of a HOPE Youth Corps Scholarship!  #sponsor #bestgiftever
#hopeww #icoc #disciplestoday 
https://t.co/tK6duBitnX",disciples_today,2
173,2016-12-16 10:26:30+00:00,8.09706E+17,On Moz TV spreading the love.#3rddrive #hopeww #mozhope https://t.co/Fg7xXgQdD2,ChristianRay,2
174,2016-12-16 10:25:59+00:00,8.09706E+17,On Moz TV spreading the love.#3rddrive #hopeww #mozhope @ Teatro Gungu https://t.co/838NyuOn3A,ChristianRay,2
175,2016-10-28 16:46:36+00:00,7.92045E+17,@HOPEworldwide How is Haiti after the hurricane? Thank you for your work after the Earthquake. Other charities failed them. #Hopeww,LibertyMom1515,2
176,2016-10-03 16:08:44+00:00,7.82976E+17,"Announcing the 2017 Hope Youth Corps &amp; HSC Programs!
https://t.co/Vr0Kc4KZKG @HOPEworldwide #hopeww #disciplestoday #icoc",disciples_today,2
177,2016-09-06 18:56:20+00:00,7.73233E+17,"Serving with a cheerful heart! Let's join Titus Azad at the HYC Philadelphia.
#hopeww #hyc #disciplestoday  https://t.co/UhASUWg4hT",disciples_today,2
178,2016-08-07 14:07:40+00:00,7.62289E+17,"Pip sharing about her trip to Zambia &amp; her work there with HOPE Worldwide. She's known as ""Pepsi""!  #HOPEWW #tvcoc https://t.co/enQiIVjN7h",tvcochrist,2
179,2016-08-04 23:01:20+00:00,7.61336E+17,Un corto documental de Hope Youth Corps Chicago #somosyvamos #hopeww #hyc... https://t.co/HNkXN8xVfY,SomosyVamos,2
180,2016-07-15 23:47:45+00:00,7.541E+17,BIG THANKS to everyone who donated to #HopeWW it means more than you know!!,Caram_Alan,2
181,2016-07-13 22:38:40+00:00,7.53358E+17,@JohannaBronana and I got a bikeathon this weekend and I've done nothing to prepare besides be a phenomenal athlete. #Hopeww,Caram_Alan,2
182,2016-03-28 15:09:04+00:00,7.14469E+17,Help us raise money to house homeless people in London. Your ¬£s can make a difference #TwoStep #Homeless #HOPEww  https://t.co/OYd4oD2IAH,TheaterVisions,2
183,2016-03-20 05:57:03+00:00,7.11431E+17,New CEO Robert Carrillo teaches southwest church leaders about what #hopeww has been doing and_ https://t.co/oXaKVNtUep,3MENchairez,2
184,2016-01-24 18:32:39+00:00,6.91328E+17,Not sure who lucky family #4 is but I stuck a bunch of sugar for the off brand cereal. #HOPEww #FoodDrive https://t.co/zIevqeXkY8,Caram_Alan,2
185,2016-01-22 18:20:47+00:00,6.906E+17,People from all over the #Pacific gathered in #HNL #Uh #ndptc #HopeWW working #peace #DRR building #resilience https://t.co/lsT1CaH5LA,karlekim,2
186,2015-11-06 23:44:09+00:00,6.62778E+17,@HOPEworldwide International Day of Giving Sun  Nov8th #IDG2015 #HopeWW #SomosyVamos https://t.co/hLC7kwqwzU https://t.co/cQhgaF5qOO,SomosyVamos,3
187,2015-10-21 05:12:28+00:00,6.567E+17,"aiHitBot: Jul 25 - Oct 18 #USA
#HOPEWW (https://t.co/G0xtMiRgjn) appoints new #CEO, Robert Carrillo
https://t.co/2A53GwW1P2",dobarsky,3
188,2015-10-13 18:02:19+00:00,6.53994E+17,"""IMAGES OF HOPE"" Photographic Exhibition opened on Sunday @HenleyBSchool until Sat 7/11 #HOPEww #ImagesOfHope http://t.co/nCS7ypeQJR",HOPEimages,3
189,2015-08-23 03:21:55+00:00,6.35291E+17,Representing Lakota West in the beautiful Guatemala City!! #westpride #HOPEww @westfirebirds @FirebirdTweets http://t.co/SDq69D1lEd,meghan_sever,3
190,2015-06-15 23:11:39+00:00,6.10585E+17,Got another box of maternity clothes donated for #HopeWW this is awesome your awesome everyone is beautiful! http://t.co/eEdgL75V1J,Caram_Alan,3
191,2015-04-29 04:32:15+00:00,5.93272E+17,we liked this photo so much we made it into a poster to bring in new members. #NYAC #hopeww #wewantYOU http://t.co/hQOYtOu3CL,kitlakey,3
192,2015-02-24 20:34:38+00:00,5.70321E+17,"Summer HOPE Youth Corps!! Teach English China, serve in Nairobi, Kenya, or volunteer in Jakarta, Indonesia!: https://t.co/rsNUjgvav4 #HOPEWW",rvYoPro,3
193,2015-01-19 23:19:12+00:00,5.57316E+17,"Combined with the other volunteers, we were able to have a great impact! #HOPEww #AmericanRedCross",OKCChurch,3
194,2015-01-19 18:28:03+00:00,5.57243E+17,@debbyoga Just did yoga with Deb @Newark Yoga Movement #HOPEWW #MLK National Day of Service #MoveItNation,iamdrpatti,3
195,2015-01-19 15:45:54+00:00,5.57202E+17,Me &amp; my Boo at #MLK National Day of Service #HOPEWW #giveback #Newark http://t.co/TpeZnNWDoq,iamdrpatti,3
196,2015-01-17 19:47:01+00:00,5.56538E+17,Productive day volunteering with the #RedCross and #HOPEww  for the #MLK Day of Service. http://t.co/jtYlbqYVC4,gnslngr45,3
197,2015-01-17 14:13:55+00:00,5.56454E+17,Phila FD and HOPEww are ready to serve! #MLKDay #hopeww @HOPEworldwide http://t.co/668ZzxLL6y,mandyjgoins,3
198,2014-11-16 07:35:43+00:00,5.33886E+17,"Blood donations for HOPE WORLDWIDE KUALA LUMPUR! 1st timers proud of us 
#ccc #brothersandsisters #HOPEWW #funday... http://t.co/LqVoaDFnaM",Bryan_wai_keong,3
199,2014-11-14 01:18:00+00:00,5.33066E+17,Any English teachers looking for an exciting adventure? http://t.co/UYhv2mvNQc #HOPEww http://t.co/RmRRvlExZO,jerrymaday,3
200,2014-09-20 19:08:10+00:00,5.13404E+17,#superheroes4orphans with my sister! I love this kid so much! #atlanta4africa #HopeWW http://t.co/JBbTsZyT8E,theolivianator,3
201,2014-08-18 18:12:27+00:00,5.01431E+17,check it out: http://t.co/JqVaMULVN4 #hopeww #fundraising #ultrarunning,GuyHamilton14,3
202,2014-07-17 11:30:09+00:00,4.89734E+17,The 4 musketeers ;) Honduras style. Soul refreshing experience serving with #HopeWW and glad to have_ http://t.co/UhUbPE8kXX,StefYapping,2
203,2014-07-05 07:24:08+00:00,4.85323E+17,Close up #HOPEWW http://t.co/o7ojZPhNJH #selfie,littlemissgimma,2
204,2014-06-16 20:28:47+00:00,4.78635E+17,There is power to change the world gathered in this building #POL14ticker #HOPEww,thatchicnikk,2
205,2014-04-10 15:30:30+00:00,4.5428E+17,Reminder: We will be meeting to serve at Feed the Children on April 12 from 1-4. Contact Rachel R for details. #HOPEww #GodisGood!,OKCChurch,2
206,2014-04-09 12:19:21+00:00,4.5387E+17,Blast from the past!!! #backinthedaywheniwasyoung #HOPEWW #totesadorbs http://t.co/Nu8ZYfH68Q,jeniquerenata,2
207,2014-01-20 14:44:10+00:00,4.25278E+17,Life is about passion! &lt;3 #HopeWW #UKNers #WontGvUp :) http://t.co/ug7p4Xlxgq,jozamh,2
208,2014-01-19 04:45:37+00:00,4.24765E+17,A charitable Sunday for #hopeww in Hong Kong :) http://t.co/npufSUcyfY,thx4themusic,2
209,2014-01-18 20:53:13+00:00,4.24646E+17,"Heading to Manado, ready to distribute the stuff! #HopeWW #PNersUK  :) cc @RinggoOle @ArmandoTurangan @ottojackson08 , @plexmars #WntGvUp",jozamh,2
210,2013-12-08 01:51:44+00:00,4.09501E+17,Some SERIOUSLY talented and Radiant women at the Night of Hope #hopeww @ellemcurrier vanishagould123_ http://t.co/P4AJ4k76pE,kay_gee_two,2
211,2013-12-08 01:03:05+00:00,4.09488E+17,Hope for the Holidays! Incredible music from incredible disciples! #hopeww gracejo91 @anijahm @ Boston_ http://t.co/OY4y4GmezM,kay_gee_two,2
212,2013-12-03 07:38:28+00:00,4.07776E+17,Really proud of #HOPEww with #CocaColaAfricaFoundation and partners have helped 22599 OrphanedVulnerableChildren affected by #AIDS #WAD,Bujy,2
213,2013-12-02 11:57:57+00:00,4.07479E+17,Thanks to #HOPEww with #CocaColaAfricaFoundation and partners have helped 22599 OrphanedVulnerableChildren affected by #AIDS #WAD,Bujy,3
214,2013-12-01 19:34:42+00:00,4.07231E+17,#HOPEww empowers female caregivers through the #CocaColaVendor Initiative #WAD,TanyaNefdt,2
215,2013-12-01 17:52:02+00:00,4.07205E+17,#HOPEww empowers female caregivers through the #CocaColaVendor Initiative WAD,iamSivN,3
216,2013-12-01 15:51:31+00:00,4.07175E+17,Entrepreneurship is one that #HOPEww increases household incomes #CocaColaWAD,iamSivN,2
217,2013-12-01 15:09:32+00:00,4.07165E+17,#HOPEww KidsClub is a safe space for OVC affected by #AIDS to have fun #CocaColaWAD #HOPEwwCDI,roxy_louw,3
218,2013-12-01 14:58:29+00:00,4.07162E+17,#HOPEww with #CocaColaAfricaFoundation and partners have helped 22599 OrphanedVulnerableChildren affected by #AIDS #WAD,TraceyLange,2
219,2013-12-01 14:14:06+00:00,4.07151E+17,"#HOPEww reduces child vulnerability caused by #AIDS by keeping children in school, providing life skills and nutrition #CocaColaWAD",YesReallyAngel,3
220,2013-12-01 12:59:15+00:00,4.07132E+17,"#HOPEww reduces child vulnerability caused by #AIDS by keeping children in school, providing life skills and nutrition #CocaColaWAD",The_Vimbai,2
221,2013-12-01 12:20:06+00:00,4.07122E+17,RT @TraceyLange: Every 20 seconds a child is orphaned due to #AIDS #CocaColaWAD #HOPEww #orphancrises,Hypress,3
222,2013-12-01 12:13:51+00:00,4.0712E+17,Every 20 seconds a child is orphaned due to #AIDS #CocaColaWAD #HOPEww #orphancrises,TraceyLange,3
223,2013-12-01 10:19:05+00:00,4.07091E+17,"#HOPEww reduces child vulnerability caused by #AIDS by keeping children in school, providing life skills and nutrition #CocaColaWAD",TraceyLange,3
224,2013-12-01 09:57:41+00:00,4.07086E+17,"#HOPEww reduces child vulnerability caused by #AIDS by keeping children in school, providing life skills and nutrition #CocaColaWAD",JimmyNevis,3
225,2013-12-01 08:58:18+00:00,4.07071E+17,@chelseahandler Did you know? Every 20 seconds a child is orphaned due to #AIDS #CocaColaWAD #HOPEww #orphancrises,claymorar,3
226,2013-12-01 08:50:50+00:00,4.07069E+17,RT @RyanOConnorSA: #HOPEww with #CocaColaAfricaFoundation and partners have helped 22599 OrphanedVulnerableChildren affected by #AIDS #WAD,Hypress,3
227,2013-12-01 08:40:02+00:00,4.07067E+17,#HOPEww with #CocaColaAfricaFoundation and partners have helped 22599 OrphanedVulnerableChildren affected by #AIDS #WAD,RyanOConnorZA,3
228,2013-12-01 08:34:50+00:00,4.07065E+17,#HOPEww empowers female caregivers through the #CocaColaVendor Initiative #WAD,Hypress,3
229,2013-11-17 19:24:22+00:00,4.02155E+17,Thanks for letting me share today at church on how we can help the survivors of Typhoon Haiyan #hopeww #prayforpi http://t.co/3lgTnpoGkL,GinaAlexander,3
230,2013-09-17 10:16:47+00:00,3.79912E+17,Colorado flooding- ICOC and @HOPEworldwide step up to help deluged victims #ICOC #Hopeww http://t.co/Mq00Ftcxko,jerrymaday,2
231,2013-09-07 19:02:14+00:00,3.7642E+17,Treated to a stunning view and a cool breeze while volunteering! #HOPEww #NJOYC http://t.co/fp93bxGFRx,WeakleyUpdate,2
232,2013-08-10 23:00:14+00:00,3.66333E+17,Let's serve the poor &amp; needy. HOPE Worldwide Southern California meeting tonight #HOPE #HOPEWW #OneLove,marcelhall,2
233,2013-07-05 04:49:39+00:00,3.53013E+17,Bree≈∫e's concert tonight was amazing!!! #CelebrateFreedom #ICMCeast #bentonconquest #HOPEww http://t.co/2F55ijgeqr,Leira_91,2
234,2013-06-18 05:04:28+00:00,3.46856E+17,A Call for Volunteers from the Oklahoma City International Church of Christ https://t.co/vhXLMK0aZb    #hopeww,disciples_today,2
235,2013-06-14 19:08:32+00:00,3.45619E+17,ICMC and ICYFM!  Oklahoma City Volunteers Needed.  @disciples_today #hopeww http://t.co/uQblZdzhqF,disciples_today,2
236,2013-03-23 13:55:32+00:00,3.15462E+17,It's time! Teen Hoops for Hope tentative date June 1. We're opening signups for anyone interested. DM your email to get on the list! #HOPEWW,BCCSouthTeens,2
237,2013-02-27 07:02:38+00:00,3.06661E+17,@HopeWW  Im finally finished sending in my letters for hope youth corps!!!  #hopeww #fundraising,jackiekonzen,2
238,2013-02-02 10:09:02+00:00,2.97648E+17,"Just came from GA of #HOPEww
Now spending time with my boy",RCAeconomist,3
239,2013-01-20 20:00:14+00:00,2.93086E+17,#aftermath #hopeww #new-beginnings http://t.co/xFkb9ynG,TroyKranendonk,3
240,2012-08-31 13:58:39+00:00,2.41535E+17,Campus Students Become Entrepreneurs - http://t.co/1JHseiUx #hopeww,awgonnerman,3
241,2012-08-08 11:41:13+00:00,2.33166E+17,500 Binders 137 Songs 8 Hours 2 Nights and 1 exhausted body later!!!!! #HOPEWW #iLoveToServeThoseInNeed,mizztay1,3
242,2012-08-07 08:56:05+00:00,2.32762E+17,My desk/work for the next few days! #HOPEWW #WeServe  http://t.co/cp6v4kk,mizztay1,3
243,2011-12-15 15:08:48+00:00,1.47332E+17,MLK Day Grant Announcement: http://t.co/pXG7AfNF #hopeww,awgonnerman,3
244,2011-12-13 21:36:12+00:00,1.46705E+17,A Week of Service in #Jamaica - http://t.co/HE92qAyH #poverty #hopeww,awgonnerman,3
245,2011-12-13 20:19:25+00:00,1.46686E+17,A Week of Service in Jamaica http://t.co/OIFGSPFV #hopeww #jamaica #poverty,awgonnerman,2
246,2011-12-13 20:13:18+00:00,1.46684E+17,Student Volunteers and Gives Hope to Less Fortunate: http://t.co/dZsP2hRD #hopeww #guatemala #poverty,awgonnerman,2
247,2011-04-05 15:44:14+00:00,5.52947E+16,Please vote 4 this woman-she will give 10k to #HOPEww #hope an incredible charity Plz vote for ILEANA SANTANA at www.reinaporundia.com-RT,lawton_chiles,3
248,2010-11-11 10:06:39+00:00,2.66349E+15,Ex. ms powerpoint http://yfrog.com/5ixv5xj #hopeww,kuakun,3
249,2009-07-30 15:42:20+00:00,2932091767,HOPE worldwide Kenya uses multi-player PC video game developed by Warner Bros to try to teach youth to avoid HIV #HOPEww http://bit.ly/ZuUio,RussHargrove,3
250,2009-07-28 17:46:29+00:00,2893815497,"HOPE worldwide Nigeria #Hopeww has rescued 4,645 orphans & vulnerable children via ACCORD prgm, & aim to help over 8600 http://bit.ly/3cEdfV",RussHargrove,2
251,2009-07-06 02:05:31+00:00,2490585912,RT @BetheChangeInc Powerful and thought-provoking essay on HIV/AIDS in Africa by doctor w/HOPE Worldwide. http://tinyurl.com/lr2u2s #HOPEww,DavidBlenko,3
252,2009-07-05 23:24:22+00:00,2488700998,RT @dbb54: Fighting poverty on the front lines in Papua New Guinea: http://bit.ly/Q0rMv #HOPEww,PNGCommunity,2
253,2009-07-05 23:24:22+00:00,2488700943,RT @dbb54: Fighting poverty on the front lines in Papua New Guinea: http://bit.ly/Q0rMv #HOPEww,RicRaftis,3
254,2009-07-05 07:18:32+00:00,2479894586,Fighting poverty on the front lines in Papua New Guinea: http://bit.ly/Q0rMv #HOPEww,DavidBlenko,2
255,2009-05-16 18:01:10+00:00,1818333284,http://twitpic.com/5as60 - Dr William Goode asking us to pledge to stand for the poor and keep standing until the needs are met #hopeww,axerickson,3
256,2009-05-16 14:07:25+00:00,1816578717,"HOPE sent $15M in medicine to Kabul, Afgh and to Pakistan #hopeww",axerickson,2
257,2009-05-16 13:42:04+00:00,1816422971,"The problems may scare us, but they can't scare us off - ralph boyd #hopeww",axerickson,3
258,2009-05-16 13:38:44+00:00,1816403504,Volunteers at as much psych risk for turning away those in need as those actually in need #hopeww,axerickson,2
259,2009-05-16 13:35:57+00:00,1816387565,"13.7M unemployed, 9%. Food banks and soup kitchens no resources as mid class needs assistance #hopeww ralph boyd",axerickson,3
260,2009-05-16 13:33:33+00:00,1816373835,"Ralph Boyd, CEO $500M freddie mac foundation, kicking off HOPEworldwide Global Summit. #hopeww",axerickson,2
261,2009-05-14 21:13:29+00:00,1799084588,"http://www.homelesspartners.com you can make a difference, and it requires very little time. #hopeww",axerickson,3
262,2009-05-14 19:37:13+00:00,1798309949,Life's most persistant and urgent question is what are you doing for others? -MLK #hopeww,axerickson,2
263,2009-05-14 18:07:00+00:00,1797415519,"""U can't B dumb and survive in poverty."" While mid & wealthy class commit suicide bc the markets tank. #hopeww",axerickson,3
264,2009-05-14 17:44:33+00:00,1797197347,http://twitpic.com/55uzd - Mike Dames speaking on the causes and roots of poverty #hopeww,axerickson,2
265,2009-05-14 15:42:43+00:00,1795994210,72 hours to process blood donation. Give blood before the emergency. #hopeww,axerickson,3
266,2009-05-14 15:07:12+00:00,1795639762,The Skin I'm In - a book about culture in schools #hopeww,axerickson,2
267,2009-05-14 14:41:32+00:00,1795392293,Leaders fall when they stop following #hopeww,axerickson,3
268,2009-05-14 14:37:42+00:00,1795356579,In hard economic times put beneficiaries 1st and donors 2nd. Charity should not focus on self preservation. Randy Jordan #hopeww,axerickson,2
269,2009-05-14 14:11:36+00:00,1795118866,"Heroic courage, heroic vision, heroic difference. Mack Strong #hopeww",axerickson,3
270,2009-05-14 14:03:53+00:00,1795050056,"Holmgren offers Strong a coaching job and he declined. ""I've spent too much time away from my family already in my career."" #hopeww",axerickson,2
271,2009-05-14 13:58:16+00:00,1794999721,http://twitpic.com/55gmq - 4-time Pro-Bowler Mack Strong addresses HOPE USA directors #hopeww,axerickson,3
272,2009-05-14 13:11:05+00:00,1794607176,http://twitpic.com/55ecj - Kicking off the HOPE worldwide Global Summit #hopeww,axerickson,2